date,159263,161130,161125,518850
2026-01-05,1.104,4.078,3.001,9.564
2026-01-06,1.122,4.077,2.999,9.653
2026-01-07,1.118,4.072,2.999,9.59
2026-01-08,1.111,4.067,2.994,9.58
2026-01-09,1.118,4.061,2.992,9.66
2026-01-12,1.12,4.056,2.986,9.847
2026-01-13,1.12,4.081,2.997,9.86
2026-01-14,1.117,4.066,2.989,9.997
2026-01-15,1.121,4.069,2.985,9.94
2026-01-16,1.112,4.059,2.991,9.924
2026-01-19,1.129,4.018,2.969,10.081
2026-01-20,1.141,4.005,2.95,10.156
2026-01-21,1.141,3.993,2.941,10.457
2026-01-22,1.145,4.026,2.959,10.414
2026-01-23,1.147,4.036,2.963,10.706
2026-01-26,1.161,4.008,2.95,11.002
2026-01-27,1.148,4.048,2.976,11.011
2026-01-28,1.17,4.081,2.991,11.366
2026-01-29,1.184,4.06,2.981,11.985
2026-01-30,1.168,4.029,2.978,11.17
2026-02-02,1.126,3.959,2.929,10.053
2026-02-03,1.145,4.033,2.969,10.501
2026-02-04,1.167,3.996,2.972,10.95
2026-02-05,1.159,3.975,2.957,10.613
2026-02-06,1.158,3.906,2.932,10.446
2026-02-09,1.172,3.966,2.967,10.804
2026-02-10,1.176,3.963,2.974,10.761
2026-02-11,1.183,3.958,2.976,10.841
2026-02-12,1.191,3.953,2.978,10.807
2026-02-13,1.168,3.932,2.953,10.661
2026-02-24,1.2,3.91,2.949,11.042
2026-02-25,1.203,3.916,2.948,11.045
2026-02-26,1.206,3.935,2.958,11.005
2026-02-27,1.207,3.918,2.951,11.02
2026-03-02,1.225,3.872,2.926,11.503
2026-03-03,1.234,3.86,2.927,11.353
2026-03-04,1.223,3.839,2.903,11.073
2026-03-05,1.224,3.895,2.931,11.058
2026-03-06,1.228,3.891,2.927,10.964
2026-03-09,1.222,3.815,2.864,10.961
2026-03-10,1.22,3.871,2.881,11.048
2026-03-11,1.23,3.884,2.888,11.067
2026-03-12,1.238,3.868,2.881,11.029
2026-03-13,1.231,3.831,2.865,10.889
2026-03-16,1.22,3.835,2.862,10.756
2026-03-17,1.215,3.811,2.853,10.727
2026-03-18,1.213,3.874,2.87,10.696
2026-03-19,1.203,3.812,2.833,10.212
2026-03-20,1.192,3.797,2.827,9.981
2026-03-23,1.159,3.672,2.722,9.011
2026-03-24,1.174,3.723,2.761,9.377
2026-03-25,1.18,3.757,2.793,9.718
2026-03-26,1.178,3.74,2.79,9.532
2026-03-27,1.176,3.72,2.781,9.576
2026-03-30,1.178,3.67,2.738,9.736
2026-03-31,1.176,3.658,2.735,9.784
2026-04-01,1.183,3.769,2.807,10.101
2026-04-02,1.184,3.718,2.787,9.825
2026-04-03,1.171,3.731,2.789,9.915
2026-04-07,1.173,3.739,2.792,9.921
2026-04-08,1.184,3.886,2.884,10.197
2026-04-09,1.178,3.854,2.858,9.993
2026-04-10,1.18,3.893,2.879,10.06
2026-04-13,1.175,3.873,2.867,10.012
2026-04-14,1.175,3.928,2.894,10.098
2026-04-15,1.179,3.981,2.913,10.152
2026-04-16,1.183,4.059,2.952,10.182
2026-04-17,1.173,4.042,2.947,10.12
2026-04-20,1.171,4.043,2.957,10.12
2026-04-21,1.182,4.059,2.963,10.097
2026-04-22,1.178,4.072,2.966,10.096
2026-04-23,1.186,4.084,2.964,9.988
2026-04-24,1.183,4.098,2.961,9.91
2026-04-27,1.177,4.171,2.979,9.982
2026-04-28,1.188,4.161,2.985,9.819
2026-04-29,1.199,4.15,2.99,9.726
2026-04-30,1.194,4.162,2.999,9.762
2026-05-06,1.19,4.284,3.035,9.88
2026-05-07,1.177,4.327,3.056,10.001
2026-05-08,1.174,4.346,3.056,9.974
2026-05-11,1.178,4.431,3.066,9.861
2026-05-12,1.171,4.401,3.052,9.892
2026-05-13,1.173,4.418,3.066,9.894
2026-05-14,1.169,4.45,3.076,9.883
2026-05-15,1.166,4.41,3.069,9.642
2026-05-18,1.161,4.364,3.042,9.602
2026-05-19,1.164,4.353,3.042,9.6
2026-05-20,1.156,4.368,3.041,9.451
2026-05-21,1.143,4.4,3.056,9.534
2026-05-22,1.14,4.453,3.084,9.546
2026-05-25,1.14,4.613,3.152,9.6
2026-05-26,1.144,4.604,3.142,9.541
2026-05-27,1.137,4.64,3.152,9.429
2026-05-28,1.133,4.619,3.137,9.215
2026-05-29,1.152,4.725,3.181,9.483
2026-06-01,1.16,4.93,3.258,9.432
2026-06-02,1.161,4.89,3.24,9.498
2026-06-03,1.157,4.857,3.199,9.366
2026-06-04,1.146,4.752,3.169,9.381
2026-06-05,1.143,4.679,3.17,9.337
2026-06-08,1.138,4.546,3.096,9.04
2026-06-09,1.132,4.671,3.146,9.089
2026-06-10,1.132,4.541,3.091,8.819
2026-06-11,1.136,4.489,3.069,8.586
2026-06-12,1.143,4.548,3.082,8.742
2026-06-15,1.133,4.755,3.173,9.011
2026-06-16,1.11,4.8,3.175,9.033
2026-06-17,1.1,4.791,3.18,9.043
2026-06-18,1.08,4.79,3.176,8.992
2026-06-22,1.094,4.774,3.167,8.8
2026-06-23,1.082,4.619,3.107,8.619
2026-06-24,1.065,4.66,3.129,8.597
2026-06-25,1.057,4.732,3.134,8.364
2026-06-26,1.042,4.601,3.087,8.471
2026-06-29,1.055,4.622,3.098,8.524
2026-06-30,1.033,4.667,3.116,8.455
2026-07-01,1.047,4.685,3.126,8.351
2026-07-02,1.06,4.599,3.11,8.557
2026-07-03,1.07,4.614,3.144,8.755
2026-07-06,1.085,4.613,3.165,8.714
2026-07-07,1.069,4.58,3.169,8.678
2026-07-08,1.073,4.543,3.155,8.674
2026-07-09,1.061,4.606,3.158,8.628
2026-07-10,1.069,4.622,3.157,8.626
2026-07-13,1.074,4.575,3.147,8.504
2026-07-14,1.093,4.591,3.167,8.452
2026-07-15,1.111,4.626,3.195,8.452
2026-07-16,1.101,4.587,3.207,8.442
2026-07-17,1.101,4.464,3.145,8.391
2026-07-20,1.134,4.463,3.144,8.399
2026-07-21,1.125,4.52,3.172,8.547
2026-07-22,1.134,4.505,3.157,8.639
2026-07-23,1.146,4.509,3.15,8.642
2026-07-24,1.132,4.451,3.129,8.468
2026-07-27,1.132,4.485,3.158,8.585
2026-07-28,1.142,4.393,3.133,8.482
2026-07-29,1.157,4.403,3.161,8.474
2026-07-30,1.18,4.355,3.126,8.448
2026-07-31,1.172,4.476,3.152,8.516
2026-08-03,1.17,4.505,3.17,8.499
2026-08-04,1.149,4.62,3.237,8.492
2026-08-05,1.146,4.77,3.35,8.73
2026-08-06,1.145,4.714,3.325,8.88
2026-08-07,1.138,4.75,3.331,8.98
2026-08-10,1.151,4.615,3.254,9.091
2026-08-11,1.148,4.6,3.252,9.099
2026-08-12,1.146,4.611,3.248,9.192
2026-08-13,1.14,4.62,3.254,9.133
2026-08-14,1.133,4.686,3.292,9.033
2026-08-17,1.135,4.735,3.322,9.16
2026-08-18,1.141,4.675,3.272,9.169
2026-08-19,1.15,4.604,3.23,9.065
2026-08-20,1.151,4.663,3.257,9.324
2026-08-21,1.143,4.627,3.244,9.48
2026-08-24,1.154,4.59,3.235,9.658
2026-08-25,1.153,4.618,3.26,9.631
2026-08-26,1.158,4.605,3.267,9.611
2026-08-27,1.158,4.642,3.28,9.541
2026-08-28,1.158,4.648,3.279,9.573
2026-08-31,1.16,4.605,3.253,9.228
2026-09-01,1.168,4.601,3.246,9.21
2026-09-02,1.154,4.535,3.21,9.004
2026-09-03,1.159,4.53,3.219,9.199
2026-09-04,1.167,4.583,3.254,9.257
2026-09-07,1.158,4.605,3.251,9.118
2026-09-08,1.163,4.604,3.239,9.146
2026-09-09,1.17,4.594,3.236,9.132
2026-09-10,1.166,4.567,3.234,9.179
2026-09-11,1.152,4.545,3.231,9.033
2026-09-14,1.154,4.518,3.219,8.972
2026-09-15,1.141,4.523,3.217,8.921
2026-09-16,1.138,4.559,3.217,9.0
2026-09-17,1.128,4.56,3.204,8.945
2026-09-18,1.133,4.634,3.237,9.102
2026-09-21,1.13,4.689,3.254,9.023
2026-09-22,1.129,4.758,3.278,8.954
2026-09-23,1.123,4.792,3.284,8.99
2026-09-24,1.121,4.734,3.265,8.881
2026-09-28,1.116,4.726,3.254,8.662
2026-09-29,1.122,4.727,3.24,8.607
2026-09-30,1.133,4.796,3.275,8.726
